id_knjiga,ime_knjiga,link,id_avtor,ime_avtor,ocena,stevilo_ocen,kljucna_ocena,stevilo_kritik
2767052,The Hunger Games,2767052-the-hunger-games,153394,Suzanne Collins, 4.33 ,"6,370,017","2,991,845",30496
2,Harry Potter and the Order of the Phoenix,2.Harry_Potter_and_the_Order_of_the_Phoenix,1077326,J.K. Rowling, 4.50 ,"2,504,487","2,630,762",26908
2657,To Kill a Mockingbird,2657.To_Kill_a_Mockingbird,1825,Harper Lee, 4.28 ,"4,495,640","2,267,440",23308
1885,Pride and Prejudice,1885.Pride_and_Prejudice,1265,Jane Austen, 4.26 ,"2,994,101","1,980,034",20421
41865,Twilight,41865.Twilight,941441,Stephenie Meyer, 3.60 ,"4,959,289","1,458,877",14868
19063,The Book Thief,19063.The_Book_Thief,11466,Markus Zusak, 4.37 ,"1,831,989","1,371,355",14153
170448,Animal Farm,170448.Animal_Farm,3706,George Orwell, 3.95 ,"2,736,877","1,275,335",13252
11127,The Chronicles of Narnia,11127.The_Chronicles_of_Narnia,1069006,C.S. Lewis, 4.26 ,"516,998","1,237,662",12940
30,J.R.R. Tolkien 4-Book Boxed Set: The Hobbit and The Lord of the Rings,30.J_R_R_Tolkien_4_Book_Boxed_Set,656983,J.R.R. Tolkien, 4.60 ,"110,047","1,157,829",12091
18405,Gone with the Wind,18405.Gone_with_the_Wind,11081,Margaret Mitchell, 4.30 ,"1,073,765","1,087,141",11205
11870085,The Fault in Our Stars,11870085-the-fault-in-our-stars,1406384,John Green, 4.21 ,"3,546,077","1,086,569",11282
386162,The Hitchhiker&#39;s Guide to the Galaxy,386162.The_Hitchhiker_s_Guide_to_the_Galaxy,4,Douglas Adams, 4.22 ,"1,434,332","1,063,038",10990
370493,The Giving Tree,370493.The_Giving_Tree,435477,Shel Silverstein, 4.37 ,"904,639","1,021,118",10590
6185,Wuthering Heights,6185.Wuthering_Heights,4191,Emily Brontë, 3.86 ,"1,341,051","980,557",10265
968,The Da Vinci Code,968.The_Da_Vinci_Code,630,Dan Brown, 3.86 ,"1,931,396","875,958",9224
929,Memoirs of a Geisha,929.Memoirs_of_a_Geisha,614,Arthur Golden, 4.12 ,"1,715,918","862,350",8989
5297,The Picture of Dorian Gray,5297.The_Picture_of_Dorian_Gray,3565,Oscar Wilde, 4.08 ,"964,607","860,823",9086
24213,Alice&#39;s Adventures in Wonderland &amp; Through the Looking-Glass,24213.Alice_s_Adventures_in_Wonderland_Through_the_Looking_Glass,8164,Lewis Carroll, 4.06 ,"457,625","833,310",8808
10210,Jane Eyre,10210.Jane_Eyre,1036615,Charlotte Brontë, 4.13 ,"1,622,914","825,894",8731
24280,Les Misérables,24280.Les_Mis_rables,13661,Victor Hugo, 4.18 ,"682,201","812,239",8539
13079982,Fahrenheit 451,13079982-fahrenheit-451,1630,Ray Bradbury, 3.99 ,"1,677,761","792,808",8527
13335037,Divergent,13335037-divergent,4039811,Veronica Roth, 4.19 ,"2,902,757","792,792",8334
7624,Lord of the Flies,7624.Lord_of_the_Flies,306,William Golding, 3.69 ,"2,260,975","773,366",8228
18135,Romeo and Juliet,18135.Romeo_and_Juliet,947,William Shakespeare, 3.75 ,"2,053,406","771,204",8276
18144590,The Alchemist,18144590-the-alchemist,566,Paulo Coelho, 3.88 ,"2,104,528","765,098",8003
7144,Crime and Punishment,7144.Crime_and_Punishment,3137322,Fyodor Dostoyevsky, 4.22 ,"625,973","758,780",7934
22628,The Perks of Being a Wallflower,22628.The_Perks_of_Being_a_Wallflower,12898,Stephen Chbosky, 4.20 ,"1,248,893","757,913",7974
4671,The Great Gatsby,4671.The_Great_Gatsby,3190,F. Scott Fitzgerald, 3.92 ,"3,771,366","753,746",8128
256683,City of Bones,256683.City_of_Bones,150038,Cassandra Clare, 4.10 ,"1,615,821","721,630",7599
375802,Ender&#39;s Game,375802.Ender_s_Game,589,Orson Scott Card, 4.30 ,"1,129,971","720,269",7511
4667024,The Help,4667024-the-help,1943477,Kathryn Stockett, 4.47 ,"2,161,511","718,141",7692
8127,Anne of Green Gables,8127.Anne_of_Green_Gables,5350,L.M. Montgomery, 4.26 ,"726,737","695,268",7338
3,Harry Potter and the Sorcerer&#39;s Stone,3.Harry_Potter_and_the_Sorcerer_s_Stone,1077326,J.K. Rowling, 4.47 ,"7,038,162","690,195",7335
157993,The Little Prince,157993.The_Little_Prince,1020792,Antoine de Saint-Exupéry, 4.31 ,"1,360,343","688,993",7374
24178,Charlotte&#39;s Web,24178.Charlotte_s_Web,988142,E.B. White, 4.17 ,"1,415,586","680,588",7352
890,Of Mice and Men,890.Of_Mice_and_Men,585,John Steinbeck, 3.88 ,"1,940,242","667,538",7214
18619684,The Time Traveler&#39;s Wife,18619684-the-time-traveler-s-wife,498072,Audrey Niffenegger, 3.97 ,"1,572,484","666,332",6969
17245,Dracula,17245.Dracula,6988,Bram Stoker, 4.00 ,"936,379","646,393",6984
5129,Brave New World,5129.Brave_New_World,3487,Aldous Huxley, 3.99 ,"1,439,459","635,586",6828
320,One Hundred Years of Solitude,320.One_Hundred_Years_of_Solitude,13450,Gabriel García Márquez, 4.08 ,"752,554","620,989",6540
5107,The Catcher in the Rye,5107.The_Catcher_in_the_Rye,819789,J.D. Salinger, 3.81 ,"2,733,332","602,891",6529
21787,The Princess Bride,21787.The_Princess_Bride,12521,William Goldman, 4.26 ,"778,818","601,298",6409
28187,The Lightning Thief,28187.The_Lightning_Thief,15872,Rick Riordan, 4.26 ,"1,989,470","595,870",6357
2998,The Secret Garden,2998.The_Secret_Garden,2041,Frances Hodgson Burnett, 4.13 ,"890,218","585,449",6442
128029,A Thousand Splendid Suns,128029.A_Thousand_Splendid_Suns,569,Khaled Hosseini, 4.38 ,"1,149,896","580,250",6159
33574273,A Wrinkle in Time,33574273-a-wrinkle-in-time,106,Madeleine L&#39;Engle, 4.00 ,"1,050,585","562,702",6013
13496,A Game of Thrones,13496.A_Game_of_Thrones,346732,George R.R. Martin, 4.45 ,"2,000,967","561,481",5999
2956,The Adventures of Huckleberry Finn,2956.The_Adventures_of_Huckleberry_Finn,1244,Mark Twain, 3.82 ,"1,151,086","516,353",5686
12232938,The Lovely Bones,12232938-the-lovely-bones,316,Alice Sebold, 3.82 ,"2,012,823","510,188",5512
231804,The Outsiders,231804.The_Outsiders,762707,S.E. Hinton, 4.10 ,"937,003","508,860",5507
19543,Where the Wild Things Are,19543.Where_the_Wild_Things_Are,4489,Maurice Sendak, 4.22 ,"816,093","502,753",5479
23772,Green Eggs and Ham,23772.Green_Eggs_and_Ham,61105,Dr. Seuss, 4.30 ,"615,833","497,793",5478
1381,The Odyssey,1381.The_Odyssey,903,Homer, 3.77 ,"860,657","494,160",5434
4214,Life of Pi,4214.Life_of_Pi,811,Yann Martel, 3.91 ,"1,337,782","490,279",5305
1953,A Tale of Two Cities,1953.A_Tale_of_Two_Cities,239579,Charles Dickens, 3.85 ,"809,331","488,344",5359
43641,Water for Elephants,43641.Water_for_Elephants,24556,Sara Gruen, 4.09 ,"1,378,388","474,231",5109
7604,Lolita,7604.Lolita,5152,Vladimir Nabokov, 3.89 ,"662,415","461,680",4973
4981,Slaughterhouse-Five,4981.Slaughterhouse_Five,2778055,Kurt Vonnegut Jr., 4.08 ,"1,127,861","448,585",4856
35031085,Frankenstein: The 1818 Text,35031085-frankenstein,11139,Mary Wollstonecraft Shelley, 3.81 ,"1,160,978","438,167",4908
77203,The Kite Runner,77203.The_Kite_Runner,569,Khaled Hosseini, 4.30 ,"2,422,448","436,529",4766
38447,The Handmaid&#39;s Tale,38447.The_Handmaid_s_Tale,3472,Margaret Atwood, 4.11 ,"1,456,780","422,226",4640
3636,The Giver,3636.The_Giver,2493,Lois Lowry, 4.13 ,"1,782,830","417,769",4561
168668,Catch-22,168668.Catch_22,3167,Joseph Heller, 3.98 ,"722,484","408,151",4453
44767458,Dune,44767458-dune,58,Frank Herbert, 4.23 ,"762,885","406,403",4390
5043,The Pillars of the Earth,5043.The_Pillars_of_the_Earth,3447,Ken Follett, 4.32 ,"647,587","392,354",4222
149267,The Stand,149267.The_Stand,3389,Stephen King, 4.34 ,"615,137","391,703",4240
3590,The Adventures of Sherlock Holmes,3590.The_Adventures_of_Sherlock_Holmes,2448,Arthur Conan Doyle, 4.30 ,"242,764","375,676",4213
76620,Watership Down,76620.Watership_Down,7717,Richard  Adams, 4.06 ,"433,333","370,933",4056
2623,Great Expectations,2623.Great_Expectations,239579,Charles Dickens, 3.78 ,"650,103","367,038",4222
1934,Little Women,1934.Little_Women,1315,Louisa May Alcott, 4.09 ,"1,679,749","354,255",4057
6514,The Bell Jar,6514.The_Bell_Jar,4379,Sylvia Plath, 4.01 ,"590,478","351,402",3859
136251,Harry Potter and the Deathly Hallows,136251.Harry_Potter_and_the_Deathly_Hallows,1077326,J.K. Rowling, 4.62 ,"2,807,622","350,761",3829
332613,One Flew Over the Cuckoo&#39;s Nest,332613.One_Flew_Over_the_Cuckoo_s_Nest,7285,Ken Kesey, 4.19 ,"630,371","350,410",3970
15823480,Anna Karenina,15823480-anna-karenina,128382,Leo Tolstoy, 4.05 ,"655,040","348,061",3814
10964,Outlander,10964.Outlander,3617,Diana Gabaldon, 4.23 ,"822,758","341,370",3654
10917,My Sister&#39;s Keeper,10917.My_Sister_s_Keeper,7128,Jodi Picoult, 4.08 ,"1,056,066","340,838",3752
39988,Matilda,39988.Matilda,4273,Roald Dahl, 4.32 ,"646,512","339,769",3788
3263607,The Fellowship of the Ring,3263607-the-fellowship-of-the-ring,656983,J.R.R. Tolkien, 4.36 ,"2,353,514","338,702",3814
2429135,The Girl with the Dragon Tattoo,2429135.The_Girl_with_the_Dragon_Tattoo,706255,Stieg Larsson, 4.14 ,"2,605,461","338,089",3778
17899948,Rebecca,17899948-rebecca,2001717,Daphne du Maurier, 4.23 ,"448,536","332,160",3732
40961427,1984,40961427-1984,3706,George Orwell, 4.19 ,"3,135,390","323,235",3532
52892857,The Color Purple,52892857-the-color-purple,7380,Alice Walker, 4.22 ,"520,576","318,919",3626
14891,A Tree Grows in Brooklyn,14891.A_Tree_Grows_in_Brooklyn,2327917,Betty  Smith, 4.27 ,"388,130","309,313",3405
41817486,A Clockwork Orange,41817486-a-clockwork-orange,5735,Anthony Burgess, 3.99 ,"600,363","302,669",3410
6288,The Road,6288.The_Road,4178,Cormac McCarthy, 3.97 ,"715,444","300,848",3299
4934,The Brothers Karamazov,4934.The_Brothers_Karamazov,3137322,Fyodor Dostoyevsky, 4.32 ,"242,876","299,439",3310
252577,Angela&#39;s Ashes,252577.Angela_s_Ashes,3347,Frank McCourt, 4.11 ,"539,081","290,215",3239
345627,Vampire Academy,345627.Vampire_Academy,137902,Richelle Mead, 4.12 ,"548,340","277,718",2985
52036,Siddhartha,52036.Siddhartha,1113469,Hermann Hesse, 4.03 ,"581,934","272,823",3046
7244,The Poisonwood Bible,7244.The_Poisonwood_Bible,3541,Barbara Kingsolver, 4.06 ,"658,350","271,161",2977
119322,The Golden Compass,119322.The_Golden_Compass,3618,Philip Pullman, 3.99 ,"1,282,702","256,957",2878
3836,Don Quixote,3836.Don_Quixote,4037220,Miguel de Cervantes Saavedra, 3.88 ,"209,333","253,475",2889
662,Atlas Shrugged,662.Atlas_Shrugged,432,Ayn Rand, 3.69 ,"353,503","248,484",2730
5,Harry Potter and the Prisoner of Azkaban,5.Harry_Potter_and_the_Prisoner_of_Azkaban,1077326,J.K. Rowling, 4.57 ,"2,802,396","247,193",2764
2165,The Old Man and the Sea,2165.The_Old_Man_and_the_Sea,1455,Ernest Hemingway, 3.78 ,"830,075","235,243",2725
33648131,The Notebook,33648131-the-notebook,2345,Nicholas Sparks, 4.11 ,"1,329,834","228,629",2582
99107,Winnie-the-Pooh,99107.Winnie_the_Pooh,81466,A.A. Milne, 4.34 ,"270,056","218,701",2576
23919,The Complete Stories and Poems,23919.The_Complete_Stories_and_Poems,4624490,Edgar Allan Poe, 4.38 ,"219,895","218,248",2532
43763,Interview with the Vampire,43763.Interview_with_the_Vampire,7577,Anne Rice, 4.00 ,"483,971","208,148",2385
4473,A Prayer for Owen Meany,4473.A_Prayer_for_Owen_Meany,3075,John Irving, 4.23 ,"285,806","207,246",2280
153747,"Moby-Dick or, the Whale",153747.Moby_Dick_or_the_Whale,1624,Herman Melville, 3.51 ,"478,745","202,650",2346
4989,The Red Tent,4989.The_Red_Tent,626222,Anita Diamant, 4.18 ,"519,869","181,001",2025
6,Harry Potter and the Goblet of Fire,6.Harry_Potter_and_the_Goblet_of_Fire,1077326,J.K. Rowling, 4.56 ,"2,591,361","179,291",2053
37435,The Secret Life of Bees,37435.The_Secret_Life_of_Bees,4711,Sue Monk Kidd, 4.06 ,"1,115,781","179,132",2051
7171637,Clockwork Angel,7171637-clockwork-angel,150038,Cassandra Clare, 4.32 ,"665,095","174,407",1920
1,Harry Potter and the Half-Blood Prince,1.Harry_Potter_and_the_Half_Blood_Prince,1077326,J.K. Rowling, 4.57 ,"2,434,670","162,801",1889
16299,And Then There Were None,16299.And_Then_There_Were_None,123715,Agatha Christie, 4.26 ,"820,110","161,187",1873
2187,Middlesex,2187.Middlesex,1467,Jeffrey Eugenides, 4.01 ,"580,900","156,895",1752
49552,The Stranger,49552.The_Stranger,957894,Albert Camus, 3.98 ,"705,018","155,456",1785
117833,The Master and Margarita,117833.The_Master_and_Margarita,3873,Mikhail Bulgakov, 4.29 ,"242,214","150,874",1647
186074,The Name of the Wind,186074.The_Name_of_the_Wind,108424,Patrick Rothfuss, 4.53 ,"714,354","150,539",1597
11588,The Shining,11588.The_Shining,3389,Stephen King, 4.23 ,"1,125,005","149,852",1765
24583,The Adventures of Tom Sawyer,24583.The_Adventures_of_Tom_Sawyer,1244,Mark Twain, 3.91 ,"757,272","147,020",1807
113436,Eragon,113436.Eragon,8349,Christopher Paolini, 3.90 ,"1,435,627","144,990",1656
6310,Charlie and the Chocolate Factory,6310.Charlie_and_the_Chocolate_Factory,4273,Roald Dahl, 4.14 ,"663,844","143,788",1719
36576608,Flowers for Algernon,36576608-flowers-for-algernon,11072,Daniel Keyes, 4.14 ,"477,828","142,273",1655
70401,On the Road,70401.On_the_Road,1742,Jack Kerouac, 3.62 ,"348,081","140,738",1595
99561,Looking for Alaska,99561.Looking_for_Alaska,1406384,John Green, 4.02 ,"1,112,080","140,023",1535
485894,The Metamorphosis,485894.The_Metamorphosis,5223,Franz Kafka, 3.82 ,"641,934","139,711",1645
1232,The Shadow of the Wind,1232.The_Shadow_of_the_Wind,815,Carlos Ruiz Zafón, 4.27 ,"461,308","139,092",1538
1618,The Curious Incident of the Dog in the Night-Time,1618.The_Curious_Incident_of_the_Dog_in_the_Night_Time,1050,Mark Haddon, 3.88 ,"1,190,402","138,102",1590
4948,The Very Hungry Caterpillar,4948.The_Very_Hungry_Caterpillar,3362,Eric Carle, 4.30 ,"395,650","137,236",1601
6900,Tuesdays with Morrie,6900.Tuesdays_with_Morrie,2331,Mitch Albom, 4.11 ,"781,356","135,688",1553
9717,The Unbearable Lightness of Being,9717.The_Unbearable_Lightness_of_Being,6343,Milan Kundera, 4.10 ,"341,149","135,139",1517
119073,The Name of the Rose,119073.The_Name_of_the_Rose,1730,Umberto Eco, 4.12 ,"300,414","132,087",1532
10365,Where the Red Fern Grows,10365.Where_the_Red_Fern_Grows,6810,Wilson Rawls, 4.08 ,"341,896","131,171",1527
15881,Harry Potter and the Chamber of Secrets,15881.Harry_Potter_and_the_Chamber_of_Secrets,1077326,J.K. Rowling, 4.43 ,"2,721,896","130,922",1570
22034,The Godfather,22034.The_Godfather,12605,Mario Puzo, 4.36 ,"334,410","128,489",1519
12296,The Scarlet Letter,12296.The_Scarlet_Letter,7799,Nathaniel Hawthorne, 3.41 ,"705,642","128,265",1597
168642,In Cold Blood,168642.In_Cold_Blood,431149,Truman Capote, 4.07 ,"528,444","125,917",1494
36236124,Fight Club,36236124-fight-club,2546,Chuck Palahniuk, 4.19 ,"498,437","125,361",1446
3431,The Five People You Meet in Heaven,3431.The_Five_People_You_Meet_in_Heaven,2331,Mitch Albom, 3.94 ,"577,691","125,040",1441
6339664,"Hush, Hush",6339664-hush-hush,2876763,Becca Fitzpatrick, 3.97 ,"572,730","124,737",1379
233093,The Cat in the Hat,233093.The_Cat_in_the_Hat,61105,Dr. Seuss, 4.17 ,"427,211","120,301",1482
256008,Lonesome Dove,256008.Lonesome_Dove,1055,Larry McMurtry, 4.48 ,"148,898","119,713",1343
30165203,American Gods,30165203-american-gods,1221698,Neil Gaiman, 4.11 ,"757,472","119,623",1355
343,Perfume: The Story of a Murderer,343.Perfume,39402,Patrick Süskind, 4.02 ,"327,299","119,485",1360
7126,The Count of Monte Cristo,7126.The_Count_of_Monte_Cristo,4785,Alexandre Dumas, 4.25 ,"745,713","119,359",1375
38709,Holes,38709.Holes,6569,Louis Sachar, 3.97 ,"968,607","118,974",1423
100915,"The Lion, the Witch and the Wardrobe",100915.The_Lion_the_Witch_and_the_Wardrobe,1069006,C.S. Lewis, 4.22 ,"2,125,699","118,214",1474
830502,It,830502.It,3389,Stephen King, 4.24 ,"800,978","116,529",1354
472331,Watchmen,472331.Watchmen,3961,Alan Moore, 4.36 ,"486,868","116,385",1318
4556058,The Last Olympian,4556058-the-last-olympian,15872,Rick Riordan, 4.51 ,"666,982","116,216",1337
114345,The Little House Collection,114345.The_Little_House_Collection,5300,Laura Ingalls Wilder, 4.34 ,"141,443","115,088",1361
6656,The Divine Comedy,6656.The_Divine_Comedy,5031312,Dante Alighieri, 4.05 ,"119,458","114,405",1357
34268,Peter Pan,34268.Peter_Pan,5255014,J.M. Barrie, 4.05 ,"276,325","113,878",1410
355697,All Quiet on the Western Front,355697.All_Quiet_on_the_Western_Front,4116,Erich Maria Remarque, 3.98 ,"354,877","113,129",1326
1423,The Compleat Works of Wllm Shkspr,1423.The_Compleat_Works_of_Wllm_Shkspr,4390174,Reduced Shakespeare Company, 4.44 ,"8,435","107,301",1232
5907,"The Hobbit, or There and Back Again",5907.The_Hobbit_or_There_and_Back_Again,656983,J.R.R. Tolkien, 4.27 ,"2,892,742","107,226",1281
9712,Love in the Time of Cholera,9712.Love_in_the_Time_of_Cholera,13450,Gabriel García Márquez, 3.92 ,"411,568","106,573",1267
2802316,Shadow Kiss,2802316-shadow-kiss,137902,Richelle Mead, 4.35 ,"324,929","105,202",1170
11735983,Insurgent,11735983-insurgent,4039811,Veronica Roth, 4.02 ,"1,166,685","104,936",1194
3412,The Thorn Birds,3412.The_Thorn_Birds,4917067,Colleen McCullough, 4.23 ,"314,220","104,326",1263
35545737,A Walk to Remember,35545737-a-walk-to-remember,2345,Nicholas Sparks, 4.18 ,"672,495","104,191",1217
113946,How the Grinch Stole Christmas!,113946.How_the_Grinch_Stole_Christmas_,61105,Dr. Seuss, 4.36 ,"329,843","98,206",1266
13,The Ultimate Hitchhiker&#39;s Guide to the Galaxy,13.The_Ultimate_Hitchhiker_s_Guide_to_the_Galaxy,4,Douglas Adams, 4.36 ,"286,656","97,868",1151
6867,Atonement,6867.Atonement,2408,Ian McEwan, 3.91 ,"438,977","97,251",1164
19501,"Eat, Pray, Love",19501.Eat_Pray_Love,11679,Elizabeth Gilbert, 3.57 ,"1,473,329","97,131",1123
92303,The Importance of Being Earnest,92303.The_Importance_of_Being_Earnest,3565,Oscar Wilde, 4.18 ,"301,904","97,086",1208
37415,Their Eyes Were Watching God,37415.Their_Eyes_Were_Watching_God,15151,Zora Neale Hurston, 3.94 ,"265,245","96,042",1110
236093,The Wonderful Wizard of Oz,236093.The_Wonderful_Wizard_of_Oz,3242,L. Frank Baum, 3.98 ,"369,071","95,453",1247
7190,The Three Musketeers,7190.The_Three_Musketeers,4785,Alexandre Dumas, 4.07 ,"273,384","95,451",1197
2282133,Frostbite,2282133.Frostbite,137902,Richelle Mead, 4.27 ,"308,953","94,716",1076
32929,Goodnight Moon,32929.Goodnight_Moon,18479,Margaret Wise Brown, 4.28 ,"305,081","94,057",1168
7784,The Lorax,7784.The_Lorax,61105,Dr. Seuss, 4.34 ,"283,070","92,526",1130
12067,"Good Omens: The Nice and Accurate Prophecies of Agnes Nutter, Witch",12067.Good_Omens,1654,Terry Pratchett, 4.24 ,"542,255","92,423",1056
5996153,Blood Promise,5996153-blood-promise,137902,Richelle Mead, 4.32 ,"275,754","89,995",1026
32261,Tess of the D&#39;Urbervilles,32261.Tess_of_the_D_Urbervilles,15905,Thomas Hardy, 3.80 ,"238,015","88,973",1090
1078,The Good Earth,1078.The_Good_Earth,704,Pearl S. Buck, 3.99 ,"223,058","88,598",1078
4900,Heart of Darkness,4900.Heart_of_Darkness,3345,Joseph Conrad, 3.43 ,"413,837","88,285",1090
1622,A Midsummer Night&#39;s Dream,1622.A_Midsummer_Night_s_Dream,947,William Shakespeare, 3.95 ,"442,400","87,413",1151
2120932,The Battle of the Labyrinth,2120932.The_Battle_of_the_Labyrinth,15872,Rick Riordan, 4.39 ,"740,118","87,342",1033
18335634,Clockwork Princess,18335634-clockwork-princess,150038,Cassandra Clare, 4.57 ,"336,466","86,774",971
2547,The Prophet,2547.The_Prophet,6466154,Kahlil Gibran, 4.22 ,"234,534","86,748",1045
40605251,The Mists of Avalon,40605251-the-mists-of-avalon,4841825,Marion Zimmer Bradley, 4.11 ,"191,487","84,898",1008
561456,The Titan&#39;s Curse,561456.The_Titan_s_Curse,15872,Rick Riordan, 4.35 ,"685,187","84,197",1014
28186,The Sea of Monsters,28186.The_Sea_of_Monsters,15872,Rick Riordan, 4.24 ,"747,490","83,741",1008
7763,The Joy Luck Club,7763.The_Joy_Luck_Club,5246,Amy Tan, 3.93 ,"597,525","82,461",1035
13023,Alice in Wonderland,13023.Alice_in_Wonderland,34933,Jane Carruth, 4.02 ,"376,450","82,010",1069
1852,The Call of the Wild,1852.The_Call_of_the_Wild,1240,Jack London, 3.87 ,"340,547","81,356",1058
71728,Jonathan Livingston Seagull,71728.Jonathan_Livingston_Seagull,16904,Richard Bach, 3.84 ,"202,092","81,140",991
2175,Madame Bovary,2175.Madame_Bovary,1461,Gustave Flaubert, 3.68 ,"253,350","80,572",1009
378,The Phantom Tollbooth,378.The_Phantom_Tollbooth,214,Norton Juster, 4.20 ,"241,303","80,122",941
40940121,Bridge to Terabithia,40940121-bridge-to-terabithia,1949,Katherine Paterson, 4.01 ,"444,701","79,610",1006
7938275,The Hunger Games Trilogy Boxset,7938275-the-hunger-games-trilogy-boxset,153394,Suzanne Collins, 4.48 ,"187,759","79,239",935
191139,"Oh, the Places You&#39;ll Go!",191139.Oh_the_Places_You_ll_Go_,61105,Dr. Seuss, 4.35 ,"328,058","78,977",1005
5060378,The Girl Who Played with Fire,5060378-the-girl-who-played-with-fire,706255,Stieg Larsson, 4.24 ,"808,629","78,577",978
6186357,The Maze Runner,6186357-the-maze-runner,348878,James Dashner, 4.03 ,"1,054,371","78,429",902
27712,The Neverending Story,27712.The_Neverending_Story,15619,Michael Ende, 4.17 ,"161,584","77,699",944
18254,Oliver Twist,18254.Oliver_Twist,239579,Charles Dickens, 3.87 ,"318,823","77,656",1054
338798,Ulysses,338798.Ulysses,5144,James Joyce, 3.73 ,"110,731","77,545",923
295,Treasure Island,295.Treasure_Island,854076,Robert Louis Stevenson, 3.83 ,"401,515","77,086",1041
10818853,Fifty Shades of Grey,10818853-fifty-shades-of-grey,4725841,E.L. James, 3.66 ,"1,943,935","75,815",856
40611463,The Clan of the Cave Bear,40611463-the-clan-of-the-cave-bear,861,Jean M. Auel, 4.05 ,"228,888","75,174",924
62291,A Storm of Swords,62291.A_Storm_of_Swords,346732,George R.R. Martin, 4.54 ,"665,502","73,892",855
2696,The Canterbury Tales,2696.The_Canterbury_Tales,1838,Geoffrey Chaucer, 3.50 ,"188,457","73,743",983
7069,The World According to Garp,7069.The_World_According_to_Garp,3075,John Irving, 4.09 ,"204,513","72,939",904
10799,A Farewell to Arms,10799.A_Farewell_to_Arms,1455,Ernest Hemingway, 3.81 ,"262,933","72,855",935
58696,David Copperfield,58696.David_Copperfield,239579,Charles Dickens, 4.00 ,"198,887","72,676",956
6350972,Tote Mädchen lügen nicht,6350972-tote-m-dchen-l-gen-nicht,569269,Jay Asher, 3.92 ,"771,886","71,361",818
37442,Wicked: The Life and Times of the Wicked Witch of the West,37442.Wicked,7025,Gregory Maguire, 3.54 ,"573,143","69,973",846
402093,Shōgun,402093.Sh_gun,6417,James Clavell, 4.39 ,"146,603","68,575",839
4588,Extremely Loud &amp; Incredibly Close,4588.Extremely_Loud_Incredibly_Close,2617,Jonathan Safran Foer, 3.97 ,"379,710","68,087",780
853510,Murder on the Orient Express,853510.Murder_on_the_Orient_Express,123715,Agatha Christie, 4.17 ,"379,986","67,722",880
3008,A Little Princess,3008.A_Little_Princess,2041,Frances Hodgson Burnett, 4.20 ,"271,484","67,478",858
37470,The Other Boleyn Girl,37470.The_Other_Boleyn_Girl,9987,Philippa Gregory, 4.07 ,"455,324","67,337",826
18116,His Dark Materials,18116.His_Dark_Materials,3618,Philip Pullman, 4.25 ,"143,369","67,197",784
375013,Schindler&#39;s List,375013.Schindler_s_List,6900,Thomas Keneally, 4.34 ,"144,078","66,873",881
39999,The Boy in the Striped Pajamas,39999.The_Boy_in_the_Striped_Pajamas,7195,John Boyne, 4.15 ,"516,939","66,495",825
40604658,Jurassic Park,40604658-jurassic-park,5194,Michael Crichton, 4.04 ,"801,795","65,836",824
6487308,Fallen,6487308-fallen,2905297,Lauren Kate, 3.73 ,"493,468","65,537",759
6527740,Last Sacrifice,6527740-last-sacrifice,137902,Richelle Mead, 4.39 ,"254,656","65,537",769
9361589,The Night Circus,9361589-the-night-circus,4370565,Erin Morgenstern, 4.03 ,"683,327","65,366",741
7332,The Silmarillion,7332.The_Silmarillion,656983,J.R.R. Tolkien, 3.93 ,"218,822","64,290",775
514811,The Secret Magdalene,514811.The_Secret_Magdalene,286014,Ki Longfellow, 4.07 ,"4,257","63,985",657
6149,Beloved,6149.Beloved,3534,Toni Morrison, 3.87 ,"324,837","63,933",794
17690,The Trial,17690.The_Trial,5223,Franz Kafka, 3.96 ,"233,832","63,049",775
310612,A Confederacy of Dunces,310612.A_Confederacy_of_Dunces,3049,John Kennedy Toole, 3.89 ,"230,861","63,048",727
3876,The Sun Also Rises,3876.The_Sun_Also_Rises,1455,Ernest Hemingway, 3.82 ,"365,622","63,039",801
10507293,The Selection,10507293-the-selection,2987125,Kiera Cass, 4.13 ,"890,955","62,933",715
144974,The Velveteen Rabbit,144974.The_Velveteen_Rabbit,83846,Margery Williams Bianco, 4.29 ,"221,360","62,527",838
6148028,Catching Fire,6148028-catching-fire,153394,Suzanne Collins, 4.29 ,"2,510,654","61,824",758
7736182,The Lost Hero,7736182-the-lost-hero,15872,Rick Riordan, 4.33 ,"622,728","61,665",745
7896527,Throne of Glass,7896527-throne-of-glass,3433047,Sarah J. Maas, 4.20 ,"594,678","61,343",684
6479259,Spirit Bound,6479259-spirit-bound,137902,Richelle Mead, 4.35 ,"259,841","61,124",724
10025305,Clockwork Prince,10025305-clockwork-prince,150038,Cassandra Clare, 4.44 ,"441,023","60,579",716
17250,The Crucible,17250.The_Crucible,8120,Arthur  Miller, 3.59 ,"322,751","59,778",795
1375,The Iliad/The Odyssey,1375.The_Iliad_The_Odyssey,903,Homer, 4.04 ,"62,670","59,731",790
135479,Cat&#39;s Cradle,135479.Cat_s_Cradle,2778055,Kurt Vonnegut Jr., 4.16 ,"338,628","59,024",719
9777,The God of Small Things,9777.The_God_of_Small_Things,6134,Arundhati Roy, 3.94 ,"243,957","58,276",687
5659,The Wind in the Willows,5659.The_Wind_in_the_Willows,3843,Kenneth Grahame, 3.98 ,"179,304","57,972",775
8130077,The Screwtape Letters,8130077-the-screwtape-letters,1069006,C.S. Lewis, 4.22 ,"331,483","57,947",714
2865,Girl with a Pearl Earring,2865.Girl_with_a_Pearl_Earring,1973,Tracy Chevalier, 3.89 ,"626,116","57,742",752
561909,The Hiding Place: The Triumphant True Story of Corrie Ten Boom,561909.The_Hiding_Place,102203,Corrie ten Boom, 4.42 ,"256,761","57,445",686
30118,A Light in the Attic,30118.A_Light_in_the_Attic,435477,Shel Silverstein, 4.34 ,"373,965","56,943",755
6068551,Shiver,6068551-shiver,1330292,Maggie Stiefvater, 3.77 ,"430,445","56,738",659
23807,The Silence of the Lambs,23807.The_Silence_of_the_Lambs,12455,Thomas  Harris, 4.20 ,"462,957","56,616",733
24770,Uglies,24770.Uglies,13957,Scott Westerfeld, 3.86 ,"559,690","56,436",671
6752378,City of Fallen Angels,6752378-city-of-fallen-angels,150038,Cassandra Clare, 4.12 ,"480,205","56,434",703
4069,Man&#39;s Search for Meaning,4069.Man_s_Search_for_Meaning,2782,Viktor E. Frankl, 4.36 ,"399,381","56,140",655
5203,She&#39;s Come Undone,5203.She_s_Come_Undone,3505,Wally Lamb, 3.88 ,"316,053","55,867",676
480204,The Phantom of the Opera,480204.The_Phantom_of_the_Opera,9057,Gaston Leroux, 3.96 ,"198,537","54,625",704
12691,Marley and Me: Life and Love With the World&#39;s Worst Dog,12691.Marley_and_Me,8002,John Grogan, 4.14 ,"440,377","54,607",685
24337,Ella Enchanted,24337.Ella_Enchanted,13677,Gail Carson Levine, 3.98 ,"386,530","54,518",679
11275,The Wind-Up Bird Chronicle,11275.The_Wind_Up_Bird_Chronicle,3354,Haruki Murakami, 4.16 ,"217,884","54,275",609
36381037,Cinder,36381037-cinder,4684322,Marissa Meyer, 4.14 ,"681,298","53,375",617
11566,The Green Mile,11566.The_Green_Mile,3389,Stephen King, 4.45 ,"248,532","53,136",683
10572,A Clash of Kings,10572.A_Clash_of_Kings,346732,George R.R. Martin, 4.41 ,"787,561","52,862",651
40495148,Blindness,40495148-blindness,1285555,José Saramago, 4.13 ,"200,140","52,830",609
10975,The Sound and the Fury,10975.The_Sound_and_the_Fury,3535,William Faulkner, 3.86 ,"158,358","52,729",660
40874325,The Shack,40874325-the-shack,15481463,William Paul Young, 3.78 ,"537,969","52,267",622
30183,Marked,30183.Marked,17015,P.C. Cast, 3.80 ,"429,612","52,072",614
39832183,The Guernsey Literary and Potato Peel Pie Society,39832183-the-guernsey-literary-and-potato-peel-pie-society,1194527,Mary Ann Shaffer, 4.17 ,"609,620","51,407",628
46170,For Whom the Bell Tolls,46170.For_Whom_the_Bell_Tolls,1455,Ernest Hemingway, 3.97 ,"248,952","51,234",699
7745,Fear and Loathing in Las Vegas,7745.Fear_and_Loathing_in_Las_Vegas,5237,Hunter S. Thompson, 4.08 ,"298,681","51,199",619
9328,The House of the Spirits,9328.The_House_of_the_Spirits,2238,Isabel Allende, 4.24 ,"189,479","50,819",639
24812,The Complete Calvin and Hobbes,24812.The_Complete_Calvin_and_Hobbes,13778,Bill Watterson, 4.82 ,"34,868","50,709",632
546018,Roots: The Saga of an American Family,546018.Roots,17434,Alex Haley, 4.43 ,"145,942","50,100",658
6294,Howl&#39;s Moving Castle,6294.Howl_s_Moving_Castle,4260,Diana Wynne Jones, 4.26 ,"215,362","49,956",596
10614,Misery,10614.Misery,3389,Stephen King, 4.17 ,"497,651","49,920",651
350,Stranger in a Strange Land,350.Stranger_in_a_Strange_Land,205,Robert A. Heinlein, 3.92 ,"275,181","49,644",618
41044096,Island of the Blue Dolphins,41044096-island-of-the-blue-dolphins,4999,Scott O&#39;Dell, 3.84 ,"291,288","49,491",638
4502877,Midnight Sun [2008 Draft],4502877-midnight-sun-2008-draft,941441,Stephenie Meyer, 4.02 ,"146,178","48,808",573
6892870,The Girl Who Kicked the Hornet&#39;s Nest,6892870-the-girl-who-kicked-the-hornet-s-nest,706255,Stieg Larsson, 4.22 ,"645,029","48,307",620
32234,White Oleander,32234.White_Oleander,3540,Janet Fitch, 3.97 ,"321,552","48,197",600
29044,The Secret History,29044.The_Secret_History,8719,Donna Tartt, 4.09 ,"313,981","48,169",556
48855,The Diary of a Young Girl,48855.The_Diary_of_a_Young_Girl,3720,Anne Frank, 4.15 ,"2,737,382","47,931",619
11614718,Delirium,11614718-delirium,2936493,Lauren Oliver, 3.97 ,"416,385","47,672",547
11505797,Beautiful Disaster,11505797-beautiful-disaster,4464118,Jamie McGuire, 4.10 ,"546,324","47,581",536
12996,Othello,12996.Othello,947,William Shakespeare, 3.90 ,"314,858","47,570",684
6801755,Flow Down Like Silver: Hypatia of Alexandria,6801755-flow-down-like-silver,286014,Ki Longfellow, 4.43 ,"2,279","47,531",491
6442769,Paper Towns,6442769-paper-towns,1406384,John Green, 3.80 ,"918,023","47,465",558
43814,The Vampire Lestat,43814.The_Vampire_Lestat,7577,Anne Rice, 4.07 ,"176,496","47,256",605
12505,The Idiot,12505.The_Idiot,3137322,Fyodor Dostoyevsky, 4.18 ,"132,260","47,126",601
39280444,Speak,39280444-speak,10003,Laurie Halse Anderson, 4.02 ,"484,541","47,066",580
12938,King Lear,12938.King_Lear,947,William Shakespeare, 3.91 ,"180,470","46,782",642
43545,The Once and Future King,43545.The_Once_and_Future_King,426944,T.H. White, 4.05 ,"100,106","46,527",578
227711,I Know This Much Is True,227711.I_Know_This_Much_Is_True,3505,Wally Lamb, 4.19 ,"289,391","46,411",554
14497,Neverwhere,14497.Neverwhere,1221698,Neil Gaiman, 4.17 ,"429,041","45,998",564
1845,Into the Wild,1845.Into_the_Wild,1235,Jon Krakauer, 3.99 ,"877,991","45,927",582
46787,Uncle Tom&#39;s Cabin,46787.Uncle_Tom_s_Cabin,26242,Harriet Beecher Stowe, 3.87 ,"197,453","45,654",636
28881,"Lamb: The Gospel According to Biff, Christ&#39;s Childhood Pal",28881.Lamb,16218,Christopher Moore, 4.24 ,"150,993","45,600",510
28194,Inkheart,28194.Inkheart,15873,Cornelia Funke, 3.88 ,"368,954","45,545",576
30236962,The Historian,30236962-the-historian,5918,Elizabeth Kostova, 3.79 ,"242,092","44,823",542
188572,The Complete Sherlock Holmes,188572.The_Complete_Sherlock_Holmes,2448,Arthur Conan Doyle, 4.48 ,"174,012","44,539",580
19380,Candide,19380.Candide,5754446,Voltaire, 3.77 ,"219,391","44,231",583
6689,James and the Giant Peach,6689.James_and_the_Giant_Peach,4273,Roald Dahl, 4.02 ,"378,317","44,080",619
16981,Invisible Man,16981.Invisible_Man,7508,Ralph Ellison, 3.88 ,"156,599","43,994",556
15997,Paradise Lost,15997.Paradise_Lost,9876,John Milton, 3.81 ,"136,626","43,655",590
2184798,Blood River: A Journey to Africa&#39;s Broken Heart,2184798.Blood_River,534082,Tim Butcher, 4.06 ,"7,515","43,627",440
32085,All Creatures Great and Small,32085.All_Creatures_Great_and_Small,18062,James Herriot, 4.32 ,"114,398","43,536",578
19288043,Gone Girl,19288043-gone-girl,2383,Gillian Flynn, 4.07 ,"2,326,416","43,529",531
27494,Leaves of Grass,27494.Leaves_of_Grass,1438,Walt Whitman, 4.12 ,"89,745","43,476",590
3236307,Graceling,3236307-graceling,1373880,Kristin Cashore, 4.08 ,"384,244","43,275",511
40440,The Thirteenth Tale,40440.The_Thirteenth_Tale,22665,Diane Setterfield, 3.97 ,"271,975","42,961",522
569564,The Complete Works,569564.The_Complete_Works,947,William Shakespeare, 4.50 ,"50,158","42,931",558
11297,Norwegian Wood,11297.Norwegian_Wood,3354,Haruki Murakami, 4.03 ,"346,601","42,890",494
133518,The Things They Carried,133518.The_Things_They_Carried,2330,Tim O&#39;Brien, 4.13 ,"250,990","42,780",523
29579,Foundation,29579.Foundation,16667,Isaac Asimov, 4.17 ,"408,708","42,778",524
2493,The Time Machine,2493.The_Time_Machine,880695,H.G. Wells, 3.89 ,"412,141","42,526",594
39662,Different Seasons,39662.Different_Seasons,3389,Stephen King, 4.34 ,"176,537","42,522",573
4687,The Cider House Rules,4687.The_Cider_House_Rules,3075,John Irving, 4.13 ,"161,086","42,495",571
4929,Kafka on the Shore,4929.Kafka_on_the_Shore,3354,Haruki Murakami, 4.13 ,"305,103","41,756",474
93,Heidi,93.Heidi,49,Johanna Spyri, 3.99 ,"172,437","41,699",582
37732,"Are You There God? It&#39;s Me, Margaret",37732.Are_You_There_God_It_s_Me_Margaret,12942,Judy Blume, 3.90 ,"189,096","41,526",555
8755776,City of Lost Souls,8755776-city-of-lost-souls,150038,Cassandra Clare, 4.27 ,"423,276","41,154",513
10959,Sophie&#39;s World,10959.Sophie_s_World,1388082,Jostein Gaarder, 3.93 ,"199,924","41,018",497
16902,Walden,16902.Walden,10264,Henry David Thoreau, 3.78 ,"157,558","40,641",543
1215032,The Wise Man&#39;s Fear,1215032.The_Wise_Man_s_Fear,108424,Patrick Rothfuss, 4.56 ,"426,979","40,195",443
40937505,زندگی مه آلود پریا,40937505,18235662,سید مرتضی مصطفوی, 3.92 ,948,"39,342",396
58345,The Awakening,58345.The_Awakening,5132,Kate Chopin, 3.65 ,"170,509","39,307",501
16068905,Fangirl,16068905-fangirl,4208569,Rainbow Rowell, 4.05 ,"574,058","39,173",450
228560,Sophie&#39;s Choice,228560.Sophie_s_Choice,7565,William Styron, 4.18 ,"81,672","38,844",528
16735,The Prince of Tides,16735.The_Prince_of_Tides,6942,Pat Conroy, 4.24 ,"193,737","38,129",502
6334,Never Let Me Go,6334.Never_Let_Me_Go,4280,Kazuo Ishiguro, 3.82 ,"470,274","37,910",465
9520360,The Son of Neptune,9520360-the-son-of-neptune,15872,Rick Riordan, 4.43 ,"412,147","37,610",475
301082,Dead Until Dark,301082.Dead_Until_Dark,17061,Charlaine Harris, 3.96 ,"495,421","37,299",470
9375,Fried Green Tomatoes at the Whistle Stop Cafe,9375.Fried_Green_Tomatoes_at_the_Whistle_Stop_Cafe,6125,Fannie Flagg, 4.28 ,"265,607","37,166",518
11857408,Fifty Shades Darker,11857408-fifty-shades-darker,4725841,E.L. James, 3.84 ,"744,343","36,997",438
9969571,Ready Player One,9969571-ready-player-one,31712,Ernest Cline, 4.26 ,"859,151","36,716",409
19089,Middlemarch,19089.Middlemarch,173,George Eliot, 3.97 ,"135,509","36,560",456
44186,The Monster at the End of this Book,44186.The_Monster_at_the_End_of_this_Book,24824,Jon Stone, 4.44 ,"119,975","36,511",451
37781,Things Fall Apart,37781.Things_Fall_Apart,8051,Chinua Achebe, 3.68 ,"287,268","36,188",467
227443,Bridget Jones&#39;s Diary,227443.Bridget_Jones_s_Diary,3090,Helen Fielding, 3.78 ,"881,076","36,093",497
17927395,A Court of Mist and Fury,17927395-a-court-of-mist-and-fury,3433047,Sarah J. Maas, 4.62 ,"331,136","36,042",389
14942,Mrs. Dalloway,14942.Mrs_Dalloway,6765,Virginia Woolf, 3.79 ,"223,112","35,923",476
5113,Franny and Zooey,5113.Franny_and_Zooey,819789,J.D. Salinger, 3.98 ,"185,472","35,744",457
7260188,Mockingjay,7260188-mockingjay,153394,Suzanne Collins, 4.04 ,"2,345,592","35,595",460
122,The Power of One,122.The_Power_of_One,63,Bryce Courtenay, 4.33 ,"79,201","35,382",405
65605,The Magician&#39;s Nephew,65605.The_Magician_s_Nephew,1069006,C.S. Lewis, 4.04 ,"409,977","35,290",489
16793,Stardust,16793.Stardust,1221698,Neil Gaiman, 4.08 ,"358,169","35,091",452
32542,A Time to Kill,32542.A_Time_to_Kill,721,John Grisham, 4.07 ,"702,633","34,966",472
43615,The Gunslinger,43615.The_Gunslinger,3389,Stephen King, 3.95 ,"514,133","34,913",430
47281,Number the Stars,47281.Number_the_Stars,2493,Lois Lowry, 4.15 ,"447,957","34,665",456
18710190,Allegiant,18710190-allegiant,4039811,Veronica Roth, 3.62 ,"825,832","34,417",422
15745753,Eleanor &amp; Park,15745753-eleanor-park,4208569,Rainbow Rowell, 4.05 ,"859,077","34,392",401
36402034,Do Androids Dream of Electric Sheep?,36402034-do-androids-dream-of-electric-sheep,4764,Philip K. Dick, 4.08 ,"344,712","34,375",444
21,A Short History of Nearly Everything,21.A_Short_History_of_Nearly_Everything,7,Bill Bryson, 4.20 ,"297,655","34,290",413
33,The Lord of the Rings,33.The_Lord_of_the_Rings,656983,J.R.R. Tolkien, 4.50 ,"564,004","34,125",409
12127750,The Mark of Athena,12127750-the-mark-of-athena,15872,Rick Riordan, 4.45 ,"440,007","34,073",421
3153910,The Art of Racing in the Rain,3153910-the-art-of-racing-in-the-rain,194531,Garth Stein, 4.21 ,"451,679","34,004",403
17347634,Me Before You,17347634-me-before-you,281810,Jojo Moyes, 4.26 ,"1,147,128","33,973",395
4374400,If I Stay,4374400-if-i-stay,295178,Gayle Forman, 3.94 ,"711,731","33,968",407
3685,Black Beauty,3685.Black_Beauty,2530,Anna Sewell, 3.96 ,"238,733","33,920",489
8921,The Hound of the Baskervilles,8921.The_Hound_of_the_Baskervilles,2448,Arthur Conan Doyle, 4.12 ,"253,619","33,889",471
7235533,The Way of Kings,7235533-the-way-of-kings,38550,Brandon Sanderson, 4.63 ,"301,984","33,834",357
7588,A Portrait of the Artist as a Young Man,7588.A_Portrait_of_the_Artist_as_a_Young_Man,5144,James Joyce, 3.62 ,"127,941","33,763",443
9275658,Legend,9275658-legend,4342215,Marie Lu, 4.17 ,"410,545","33,729",387
7733,Gulliver&#39;s Travels,7733.Gulliver_s_Travels,1831,Jonathan Swift, 3.57 ,"231,749","33,673",516
5826,Bel Canto,5826.Bel_Canto,7136914,Ann Patchett, 3.93 ,"239,360","33,500",405
28676,American Psycho,28676.American_Psycho,2751,Bret Easton Ellis, 3.81 ,"241,838","33,463",402
5805,V for Vendetta,5805.V_for_Vendetta,3961,Alan Moore, 4.25 ,"263,931","33,219",433
310259,Love You Forever,310259.Love_You_Forever,6039100,Robert Munsch, 4.36 ,"202,208","33,186",421
6327,The Witches,6327.The_Witches,4273,Roald Dahl, 4.17 ,"313,235","33,065",443
646462,القرآن الكريم,646462._,5158478,Anonymous, 4.35 ,"57,400","32,967",372
2213661,The Graveyard Book,2213661.The_Graveyard_Book,1221698,Neil Gaiman, 4.13 ,"436,951","32,962",422
14905,The Complete Novels,14905.The_Complete_Novels,1265,Jane Austen, 4.56 ,"29,689","32,890",442
13536860,Fifty Shades Freed,13536860-fifty-shades-freed,4725841,E.L. James, 3.85 ,"713,144","32,676",389
10920,Cold Mountain,10920.Cold_Mountain,7130,Charles Frazier, 3.86 ,"221,279","32,650",443
43035,White Fang,43035.White_Fang,1240,Jack London, 3.98 ,"153,462","32,467",463
11387515,Wonder,11387515-wonder,4859212,R.J. Palacio, 4.44 ,"731,621","32,187",375
52357,Beowulf,52357.Beowulf,4699102,Unknown, 3.45 ,"238,511","31,884",459
84981,Tuck Everlasting,84981.Tuck_Everlasting,1954,Natalie Babbitt, 3.87 ,"231,773","31,793",434
6304335,Beautiful Creatures,6304335-beautiful-creatures,2895706,Kami Garcia, 3.76 ,"538,736","31,593",390
16631,Steppenwolf,16631.Steppenwolf,1113469,Hermann Hesse, 4.13 ,"135,539","31,483",397
68428,The Final Empire,68428.The_Final_Empire,38550,Brandon Sanderson, 4.45 ,"400,909","31,479",347
45978,Eldest,45978.Eldest,8349,Christopher Paolini, 3.99 ,"354,527","31,458",405
42899,Dark Lover,42899.Dark_Lover,20248,J.R. Ward, 4.19 ,"288,781","31,344",367
46799,Go Ask Alice,46799.Go_Ask_Alice,69007,Beatrice Sparks, 3.76 ,"234,529","31,333",421
30528535,انتحار فاشل,30528535,15342319,أحمد جمال الدين رمضان, 4.51 ,"2,261","31,046",318
391729,The Tell-Tale Heart and Other Writings,391729.The_Tell_Tale_Heart_and_Other_Writings,4624490,Edgar Allan Poe, 4.17 ,"221,510","31,016",453
228665,The Eye of the World,228665.The_Eye_of_the_World,6252,Robert Jordan, 4.17 ,"391,061","30,920",363
77013,As I Lay Dying,77013.As_I_Lay_Dying,3535,William Faulkner, 3.72 ,"136,729","30,850",414
5148,A Separate Peace,5148.A_Separate_Peace,3496,John Knowles, 3.58 ,"190,752","30,697",419
15195,The Complete Maus,15195.The_Complete_Maus,5117,Art Spiegelman, 4.55 ,"137,290","30,521",396
45032,Mansfield Park,45032.Mansfield_Park,1265,Jane Austen, 3.86 ,"282,819","30,080",426
3985,The Amazing Adventures of Kavalier &amp; Clay,3985.The_Amazing_Adventures_of_Kavalier_Clay,2715,Michael Chabon, 4.18 ,"183,927","29,943",368
2248573,Brisingr,2248573.Brisingr,8349,Christopher Paolini, 4.05 ,"298,619","29,909",390
30528544,العصبي,30528544,15342319,أحمد جمال الدين رمضان, 4.52 ,"1,944","29,592",304
60748,A Child Called &quot;It&quot;,60748.A_Child_Called_It_,1881,Dave Pelzer, 4.11 ,"378,607","29,539",384
22232,Stargirl,22232.Stargirl,12696,Jerry Spinelli, 3.76 ,"296,227","29,529",356
67896,Tao Te Ching,67896.Tao_Te_Ching,2622245,Lao Tzu, 4.28 ,"116,855","29,380",375
11590,&#39;Salem&#39;s Lot,11590._Salem_s_Lot,3389,Stephen King, 4.03 ,"333,474","29,065",394
5526,Dear John,5526.Dear_John,2345,Nicholas Sparks, 4.03 ,"539,394","29,023",368
14836,Midnight&#39;s Children,14836.Midnight_s_Children,3299,Salman Rushdie, 3.98 ,"104,453","28,992",352
12578077,Obsidian,12578077-obsidian,4476934,Jennifer L. Armentrout, 4.19 ,"225,211","28,991",327
76778,The Martian Chronicles,76778.The_Martian_Chronicles,1630,Ray Bradbury, 4.14 ,"209,944","28,966",388
7791997,Crescendo,7791997-crescendo,2876763,Becca Fitzpatrick, 4.04 ,"274,334","28,887",357
11713,The English Patient,11713.The_English_Patient,4030,Michael Ondaatje, 3.88 ,"113,252","28,800",393
4406,East of Eden,4406.East_of_Eden,585,John Steinbeck, 4.38 ,"428,410","28,764",344
49628,Cloud Atlas,49628.Cloud_Atlas,6538289,David Mitchell, 4.01 ,"215,819","28,752",346
629,Zen and the Art of Motorcycle Maintenance: An Inquiry Into Values,629.Zen_and_the_Art_of_Motorcycle_Maintenance,401,Robert M. Pirsig, 3.77 ,"200,142","28,738",364
18007564,The Martian,18007564-the-martian,6540057,Andy Weir, 4.40 ,"816,133","28,704",336
5358,The Firm,5358.The_Firm,721,John Grisham, 4.02 ,"563,778","28,613",419
6400090,The Last Song,6400090-the-last-song,2345,Nicholas Sparks, 4.15 ,"504,519","28,609",350
17150,My Ántonia,17150.My_ntonia,881203,Willa Cather, 3.80 ,"119,809","28,526",388
10429045,Shatter Me,10429045-shatter-me,4637539,Tahereh Mafi, 3.95 ,"290,202","28,364",327
18122,The Amber Spyglass,18122.The_Amber_Spyglass,3618,Philip Pullman, 4.09 ,"297,804","28,341",362
130440,Doctor Zhivago,130440.Doctor_Zhivago,7902,Boris Pasternak, 4.01 ,"82,333","28,285",422
30597,The Hunchback of Notre-Dame,30597.The_Hunchback_of_Notre_Dame,13661,Victor Hugo, 3.99 ,"171,115","28,230",406
2932,Robinson Crusoe,2932.Robinson_Crusoe,2007,Daniel Defoe, 3.68 ,"247,575","28,064",420
15645,Inferno,15645.Inferno,5031312,Dante Alighieri, 4.00 ,"142,843","27,932",380
6952,Like Water for Chocolate,6952.Like_Water_for_Chocolate,4694,Laura Esquivel, 3.95 ,"324,306","27,863",395
251688,Breakfast at Tiffany&#39;s and Three Stories,251688.Breakfast_at_Tiffany_s_and_Three_Stories,431149,Truman Capote, 3.88 ,"211,299","27,505",386
31685789,Room,31685789-room,23613,Emma Donoghue, 4.06 ,"713,448","27,254",336
5364,Dragonfly in Amber,5364.Dragonfly_in_Amber,3617,Diana Gabaldon, 4.32 ,"286,783","27,148",341
4980,Breakfast of Champions,4980.Breakfast_of_Champions,2778055,Kurt Vonnegut Jr., 4.07 ,"222,645","27,035",340
6319,The BFG,6319.The_BFG,4273,Roald Dahl, 4.22 ,"372,710","27,029",366
23437156,Six of Crows,23437156-six-of-crows,4575289,Leigh Bardugo, 4.43 ,"313,919","26,728",294
862041,Harry Potter Series Box Set,862041.Harry_Potter_Series_Box_Set,1077326,J.K. Rowling, 4.73 ,"251,459","26,706",323
22463,The Origin of Species,22463.The_Origin_of_Species,12793,Charles Darwin, 3.98 ,"99,131","26,616",365
5211,A Fine Balance,5211.A_Fine_Balance,3539,Rohinton Mistry, 4.35 ,"129,099","26,200",312
8490112,Daughter of Smoke &amp; Bone,8490112-daughter-of-smoke-bone,324620,Laini Taylor, 4.01 ,"310,251","26,196",308
3975774,Evermore,3975774-evermore,200317,Alyson Noel, 3.59 ,"262,532","26,159",317
51496,The Strange Case of Dr. Jekyll and Mr. Hyde,51496.The_Strange_Case_of_Dr_Jekyll_and_Mr_Hyde,854076,Robert Louis Stevenson, 3.82 ,"383,606","26,156",381
8755785,City of Heavenly Fire,8755785-city-of-heavenly-fire,150038,Cassandra Clare, 4.44 ,"288,170","25,986",324
12898,Death of a Salesman,12898.Death_of_a_Salesman,8120,Arthur  Miller, 3.53 ,"185,547","25,760",400
41637836,The Subtle Knife,41637836-the-subtle-knife,3618,Philip Pullman, 4.13 ,"365,611","25,714",345
10644930,11/22/63,10644930-11-22-63,3389,Stephen King, 4.31 ,"419,510","25,504",309
12220,A Streetcar Named Desire,12220.A_Streetcar_Named_Desire,7751,Tennessee Williams, 3.98 ,"261,092","25,409",388
11989,The Plague,11989.The_Plague,957894,Albert Camus, 4.01 ,"171,104","25,332",345
386187,Midnight in the Garden of Good and Evil,386187.Midnight_in_the_Garden_of_Good_and_Evil,4952,John Berendt, 3.92 ,"223,680","25,322",357
6759,Infinite Jest,6759.Infinite_Jest,4339,David Foster Wallace, 4.28 ,"74,247","25,154",274
28862,The Prince,28862.The_Prince,16201,Niccolò Machiavelli, 3.82 ,"259,556","25,150",352
1420,Hamlet,1420.Hamlet,947,William Shakespeare, 4.02 ,"729,283","25,096",322
14706,"Faust, First Part",14706.Faust_First_Part,285217,Johann Wolfgang von Goethe, 3.93 ,"58,218","25,082",335
28921,The Remains of the Day,28921.The_Remains_of_the_Day,4280,Kazuo Ishiguro, 4.12 ,"199,779","24,879",347
6936382,Anna and the French Kiss,6936382-anna-and-the-french-kiss,3095893,Stephanie Perkins, 4.01 ,"363,615","24,862",287
40873273,Snow Flower and the Secret Fan,40873273-snow-flower-and-the-secret-fan,713,Lisa See, 4.08 ,"339,227","24,854",317
13152,The Angel Experiment,13152.The_Angel_Experiment,3780,James Patterson, 4.07 ,"205,634","24,610",303
13497,A Feast for Crows,13497.A_Feast_for_Crows,346732,George R.R. Martin, 4.14 ,"620,259","24,539",322
9460487,Miss Peregrine&#39;s Home for Peculiar Children,9460487-miss-peregrine-s-home-for-peculiar-children,3046613,Ransom Riggs, 3.91 ,"975,664","24,412",306
7735333,Matched,7735333-matched,1304470,Ally Condie, 3.66 ,"652,748","24,354",304
43448,Flowers in the Attic,43448.Flowers_in_the_Attic,1353301,V.C. Andrews, 3.82 ,"160,403","24,342",325
7354,The Shipping News,7354.The_Shipping_News,1262010,Annie Proulx, 3.86 ,"130,267","24,228",333
8664353,"Unbroken: A World War II Story of Survival, Resilience and Redemption",8664353-unbroken,30913,Laura Hillenbrand, 4.36 ,"766,108","24,200",290
136116,The Scarlet Pimpernel,136116.The_Scarlet_Pimpernel,2893961,Emmuska Orczy, 4.06 ,"124,120","24,140",310
15717943,Hopeless,15717943-hopeless,5430144,Colleen Hoover, 4.29 ,"267,778","24,048",269
14201,Jonathan Strange &amp; Mr Norrell,14201.Jonathan_Strange_Mr_Norrell,8842,Susanna Clarke, 3.82 ,"197,951","23,949",296
187181,The Chosen,187181.The_Chosen,7385,Chaim Potok, 4.04 ,"85,793","23,909",324
285092,High Fidelity,285092.High_Fidelity,2929,Nick Hornby, 3.93 ,"173,438","23,703",296
394535,"Blood Meridian, or the Evening Redness in the West",394535.Blood_Meridian_or_the_Evening_Redness_in_the_West,4178,Cormac McCarthy, 4.17 ,"107,359","23,647",276
11324204,Houdini Heart,11324204-houdini-heart,286014,Ki Longfellow, 4.21 ,"2,018","23,469",243
18143977,All the Light We Cannot See,18143977-all-the-light-we-cannot-see,28186,Anthony Doerr, 4.33 ,"1,022,522","23,297",274
249747,Artemis Fowl,249747.Artemis_Fowl,10896,Eoin Colfer, 3.85 ,"495,363","23,235",303
19302,Pippi Longstocking,19302.Pippi_Longstocking,410653,Astrid Lindgren, 4.13 ,"167,687","23,139",335
3950967,The Tales of Beedle the Bard,3950967-the-tales-of-beedle-the-bard,1077326,J.K. Rowling, 4.06 ,"406,038","23,096",331
10956,The Virgin Suicides,10956.The_Virgin_Suicides,1467,Jeffrey Eugenides, 3.82 ,"228,603","22,976",301
101299,The Reader,101299.The_Reader,2894,Bernhard Schlink, 3.76 ,"170,661","22,873",324
14866,Nineteen Minutes,14866.Nineteen_Minutes,7128,Jodi Picoult, 4.13 ,"300,388","22,630",287
12127810,The House of Hades,12127810-the-house-of-hades,15872,Rick Riordan, 4.54 ,"261,472","22,380",280
33600,Shantaram,33600.Shantaram,18907,Gregory David Roberts, 4.25 ,"167,361","22,250",253
397483,"The Devil in the White City: Murder, Magic, and Madness at the Fair That Changed America",397483.The_Devil_in_the_White_City,5869,Erik Larson, 3.99 ,"520,784","22,245",290
11422,Redeeming Love,11422.Redeeming_Love,6492,Francine Rivers, 4.49 ,"212,833","22,088",251
53835,The Age of Innocence,53835.The_Age_of_Innocence,16,Edith Wharton, 3.95 ,"139,350","21,996",309
1656001,The Host,1656001.The_Host,941441,Stephenie Meyer, 3.84 ,"894,106","21,793",272
6411961,The Lost Symbol,6411961-the-lost-symbol,630,Dan Brown, 3.71 ,"520,551","21,758",280
6088007,Neuromancer,6088007-neuromancer,9226,William Gibson, 3.90 ,"261,957","21,673",268
676924,Betrayed,676924.Betrayed,17015,P.C. Cast, 3.93 ,"239,874","21,656",281
17716,Waiting for Godot,17716.Waiting_for_Godot,1433597,Samuel Beckett, 3.83 ,"160,127","21,646",290
50398,Northanger Abbey,50398.Northanger_Abbey,1265,Jane Austen, 3.83 ,"297,505","21,528",317
140225,The Voyage of the Dawn Treader,140225.The_Voyage_of_the_Dawn_Treader,1069006,C.S. Lewis, 4.09 ,"394,463","21,419",310
11012,Dubliners,11012.Dubliners,5144,James Joyce, 3.85 ,"122,869","21,387",303
18114322,The Grapes of Wrath,18114322-the-grapes-of-wrath,585,John Steinbeck, 3.97 ,"749,335","21,349",287
42900,Lover Awakened,42900.Lover_Awakened,20248,J.R. Ward, 4.44 ,"161,356","21,280",258
16096824,A Court of Thorns and Roses,16096824-a-court-of-thorns-and-roses,3433047,Sarah J. Maas, 4.22 ,"473,979","21,102",244
656,War and Peace,656.War_and_Peace,128382,Leo Tolstoy, 4.12 ,"264,333","21,021",257
137791,Divine Secrets of the Ya-Ya Sisterhood,137791.Divine_Secrets_of_the_Ya_Ya_Sisterhood,3489,Rebecca Wells, 3.83 ,"522,543","20,996",310
34080,The Waste Land,34080.The_Waste_Land,18540,T.S. Eliot, 4.11 ,"42,687","20,932",293
2866718,Untamed,2866718-untamed,17015,P.C. Cast, 3.95 ,"213,399","20,905",270
256566,Everything Is Illuminated,256566.Everything_Is_Illuminated,2617,Jonathan Safran Foer, 3.90 ,"164,152","20,856",255
10664113,A Dance with Dragons,10664113-a-dance-with-dragons,346732,George R.R. Martin, 4.32 ,"555,252","20,769",274
17167166,Crown of Midnight,17167166-crown-of-midnight,3433047,Sarah J. Maas, 4.42 ,"337,796","20,551",244
59716,To the Lighthouse,59716.To_the_Lighthouse,6765,Virginia Woolf, 3.78 ,"132,935","20,466",277
690926,The Twilight Collection,690926.The_Twilight_Collection,941441,Stephenie Meyer, 3.79 ,"43,723","20,440",260
41804,"I, Robot",41804.I_Robot,16667,Isaac Asimov, 4.20 ,"275,258","20,373",280
5308,The Pearl,5308.The_Pearl,585,John Steinbeck, 3.48 ,"187,762","20,347",318
13214,I Know Why the Caged Bird Sings,13214.I_Know_Why_the_Caged_Bird_Sings,3503,Maya Angelou, 4.24 ,"408,460","20,304",290
18635016,The One,18635016-the-one,2987125,Kiera Cass, 4.20 ,"379,553","20,204",241
41681,The Jungle,41681.The_Jungle,23510,Upton Sinclair, 3.75 ,"128,783","20,164",280
10592,Carrie,10592.Carrie,3389,Stephen King, 3.96 ,"519,558","20,034",292
77142,Snow Falling on Cedars,77142.Snow_Falling_on_Cedars,1873,David Guterson, 3.84 ,"165,895","19,933",285
10987,Voyager,10987.Voyager,3617,Diana Gabaldon, 4.37 ,"256,768","19,903",255
18765,"I, Claudius",18765.I_Claudius,3012988,Robert Graves, 4.23 ,"56,547","19,881",270
20613470,Heir of Fire,20613470-heir-of-fire,3433047,Sarah J. Maas, 4.48 ,"278,813","19,749",229
4137,Me Talk Pretty One Day,4137.Me_Talk_Pretty_One_Day,2849,David Sedaris, 3.99 ,"617,578","19,727",266
1326258,Chosen,1326258.Chosen,17015,P.C. Cast, 3.91 ,"221,912","19,431",253
3087,A Room with a View,3087.A_Room_with_a_View,86404,E.M. Forster, 3.91 ,"151,792","19,369",290
31242,Bleak House,31242.Bleak_House,239579,Charles Dickens, 4.00 ,"96,933","19,159",263
30289,The Republic,30289.The_Republic,879,Plato, 3.94 ,"170,602","19,147",281
84369,The Last Battle,84369.The_Last_Battle,1069006,C.S. Lewis, 4.02 ,"221,547","19,027",278
179780,The Exorcist,179780.The_Exorcist,104728,William Peter Blatty, 4.18 ,"180,271","18,994",276
9293020,The Elephant Tree,9293020-the-elephant-tree,4346642,R.D. Ronald, 4.13 ,"61,642","18,819",209
17061,Coraline,17061.Coraline,1221698,Neil Gaiman, 4.06 ,"480,543","18,768",256
24861,Demian: Die Geschichte von Emil Sinclairs Jugend,24861.Demian,1113469,Hermann Hesse, 4.13 ,"74,108","18,598",223
16101128,The 5th Wave,16101128-the-5th-wave,3377941,Rick Yancey, 4.04 ,"387,856","18,378",221
34384161,Quantum Roots II: Worm Holes,34384161-quantum-roots-ii,4868409,Kyle Keyes, 4.35 ,"8,361","18,334",204
12000020,Aristotle and Dante Discover the Secrets of the Universe,12000020-aristotle-and-dante-discover-the-secrets-of-the-universe,4841310,Benjamin Alire Sáenz, 4.33 ,"259,240","18,331",200
6644117,The Iron King,6644117-the-iron-king,2995873,Julie Kagawa, 3.90 ,"191,369","18,280",224
93101,The Arabian Nights,93101.The_Arabian_Nights,5158478,Anonymous, 4.04 ,"60,994","18,263",256
112204,The Complete Poems of Emily Dickinson,112204.The_Complete_Poems_of_Emily_Dickinson,7440,Emily Dickinson, 4.23 ,"77,111","18,245",287
7740152,Torment,7740152-torment,2905297,Lauren Kate, 3.87 ,"207,633","18,239",235
8709527,Bloodlines,8709527-bloodlines,137902,Richelle Mead, 4.20 ,"167,189","18,233",231
34521870,Mistress Suffragette,34521870-mistress-suffragette,16857084,Diana   Forbes, 4.34 ,"7,645","18,215",203
43889,Wizard&#39;s First Rule,43889.Wizard_s_First_Rule,3441,Terry Goodkind, 4.12 ,"229,002","18,170",218
5797,Vanity Fair,5797.Vanity_Fair,3953,William Makepeace Thackeray, 3.79 ,"117,980","18,169",260
156538,North and South,156538.North_and_South,1413437,Elizabeth Gaskell, 4.13 ,"143,387","18,164",234
30933,Brideshead Revisited,30933.Brideshead_Revisited,11315,Evelyn Waugh, 4.00 ,"93,193","18,048",246
14743,The God Delusion,14743.The_God_Delusion,1194,Richard Dawkins, 3.90 ,"231,115","18,030",229
31548,Of Human Bondage,31548.Of_Human_Bondage,4176632,W. Somerset Maugham, 4.11 ,"49,921","17,959",251
33124137,Pet Sematary,33124137-pet-sematary,3389,Stephen King, 4.00 ,"423,976","17,770",246
40651883,Snow Crash,40651883-snow-crash,545,Neal Stephenson, 4.02 ,"236,572","17,719",208
8908,World War Z: An Oral History of the Zombie War,8908.World_War_Z,5791,Max Brooks, 4.01 ,"439,169","17,610",222
3682,A Great and Terrible Beauty,3682.A_Great_and_Terrible_Beauty,2526,Libba Bray, 3.78 ,"207,517","17,567",217
20448515,Bared to You,20448515-bared-to-you,19823,Sylvia Day, 4.18 ,"453,509","17,549",205
11901,The Witching Hour,11901.The_Witching_Hour,7577,Anne Rice, 4.11 ,"101,737","17,529",235
8909,The War of the Worlds,8909.The_War_of_the_Worlds,880695,H.G. Wells, 3.83 ,"244,367","17,525",267
2800905,The Summoning,2800905-the-summoning,7581,Kelley Armstrong, 4.02 ,"154,360","17,426",217
6150,"Cry, the Beloved Country",6150.Cry_the_Beloved_Country,3527,Alan Paton, 3.89 ,"67,232","17,296",237
51606,Johnny Got His Gun,51606.Johnny_Got_His_Gun,29068,Dalton Trumbo, 4.18 ,"34,301","17,156",211
47401,Chocolat,47401.Chocolat,9432,Joanne Harris, 3.96 ,"113,021","17,156",255
1421990,Halfway to the Grave,1421990.Halfway_to_the_Grave,669810,Jeaniene Frost, 4.16 ,"135,587","17,038",204
49436,Three Cups of Tea: One Man&#39;s Mission to Promote Peace ... One School at a Time,49436.Three_Cups_of_Tea,27837,Greg Mortenson, 3.65 ,"325,603","17,023",232
6485421,The Mortal Instruments Boxed Set: City of Bones; City of Ashes; City of Glass,6485421-the-mortal-instruments-boxed-set,150038,Cassandra Clare, 4.56 ,"64,911","17,009",216
4268157,Perfect Chemistry,4268157-perfect-chemistry,274533,Simone Elkeles, 4.06 ,"239,383","17,008",200
22328546,Red Queen,22328546-red-queen,7074943,Victoria Aveyard, 4.04 ,"563,688","17,003",191
3777732,City of Glass,3777732-city-of-glass,150038,Cassandra Clare, 4.31 ,"794,368","16,969",226
5890,The Woman in White,5890.The_Woman_in_White,4012,Wilkie Collins, 3.99 ,"131,455","16,913",243
960,Angels &amp; Demons,960.Angels_Demons,630,Dan Brown, 3.90 ,"2,673,067","16,909",217
51738,Just Listen,51738.Just_Listen,2987,Sarah Dessen, 4.06 ,"231,240","16,745",204
70535,2001: A Space Odyssey,70535.2001,7779,Arthur C. Clarke, 4.15 ,"259,141","16,704",226
51737,The Truth About Forever,51737.The_Truth_About_Forever,2987,Sarah Dessen, 4.12 ,"208,876","16,672",205
8667848,A Discovery of Witches,8667848-a-discovery-of-witches,3849415,Deborah Harkness, 4.00 ,"368,191","16,633",198
764347,Unwind,764347.Unwind,19564,Neal Shusterman, 4.17 ,"191,466","16,625",197
135836,Trainspotting,135836.Trainspotting,5687,Irvine Welsh, 4.07 ,"152,958","16,613",205
197084,Are You My Mother?,197084.Are_You_My_Mother_,13898,P.D. Eastman, 4.19 ,"213,196","16,520",245
4799,Cannery Row,4799.Cannery_Row,585,John Steinbeck, 4.04 ,"111,901","16,505",240
12957,Much Ado About Nothing,12957.Much_Ado_About_Nothing,947,William Shakespeare, 4.06 ,"214,521","16,497",244
12749,Swann&#39;s Way,12749.Swann_s_Way,233619,Marcel Proust, 4.12 ,"47,001","16,418",205
420282,The Polar Express,420282.The_Polar_Express,9685,Chris Van Allsburg, 4.30 ,"211,621","16,361",258
556602,Sarah&#39;s Key,556602.Sarah_s_Key,305400,Tatiana de Rosnay, 4.16 ,"419,262","16,291",214
2299110,Acheron,2299110.Acheron,4430,Sherrilyn Kenyon, 4.57 ,"54,421","16,205",188
32049,Lady Chatterley&#39;s Lover,32049.Lady_Chatterley_s_Lover,17623,D.H. Lawrence, 3.51 ,"101,459","16,204",250
16248068,The Elite,16248068-the-elite,2987125,Kiera Cass, 4.02 ,"424,646","16,080",201
10637766,Silence,10637766-silence,2876763,Becca Fitzpatrick, 4.12 ,"243,642","16,076",203
40611328,Ishmael,40611328-ishmael,10330,Daniel Quinn, 3.98 ,"83,221","16,052",194
4009,Nine Stories,4009.Nine_Stories,819789,J.D. Salinger, 4.18 ,"134,022","15,991",212
11408650,The Unbecoming of Mara Dyer,11408650-the-unbecoming-of-mara-dyer,4126827,Michelle Hodkin, 4.05 ,"152,525","15,955",183
18460392,All the Bright Places,18460392-all-the-bright-places,45592,Jennifer Niven, 4.15 ,"299,411","15,905",174
1898,Into Thin Air: A Personal Account of the Mount Everest Disaster,1898.Into_Thin_Air,1235,Jon Krakauer, 4.18 ,"394,670","15,858",224
838729,The Return of the King,838729.The_Return_of_the_King,656983,J.R.R. Tolkien, 4.53 ,"677,832","15,851",218
31463,Far From the Madding Crowd,31463.Far_From_the_Madding_Crowd,15905,Thomas Hardy, 3.94 ,"128,672","15,791",231
29908754,The Zombie Room,29908754-the-zombie-room,4346642,R.D. Ronald, 4.16 ,"61,283","15,778",175
7747374,I Am Number Four,7747374-i-am-number-four,3380908,Pittacus Lore, 3.94 ,"312,123","15,754",202
15863832,Angelfall,15863832-angelfall,4890182,Susan Ee, 4.13 ,"164,319","15,745",178
84119,The Horse and His Boy,84119.The_Horse_and_His_Boy,1069006,C.S. Lewis, 3.91 ,"273,675","15,743",237
140077,Dead to the World,140077.Dead_to_the_World,17061,Charlaine Harris, 4.12 ,"243,216","15,727",209
41014505,The Bronze Horseman,41014505-the-bronze-horseman,47499,Paullina Simons, 4.30 ,"66,128","15,678",172
56728,You Are Special,56728.You_Are_Special,2737,Max Lucado, 4.45 ,"49,144","15,642",184
518848,Sabriel,518848.Sabriel,8347,Garth Nix, 4.15 ,"184,622","15,638",191
3591262,Cutting for Stone,3591262-cutting-for-stone,93353,Abraham   Verghese, 4.29 ,"336,667","15,631",195
77767,Little House on the Prairie,77767.Little_House_on_the_Prairie,5300,Laura Ingalls Wilder, 4.19 ,"255,891","15,567",248
92307,Being and Time,92307.Being_and_Time,6191,Martin Heidegger, 4.03 ,"20,097","15,553",159
2156,Persuasion,2156.Persuasion,1265,Jane Austen, 4.14 ,"523,835","15,502",202
179064,The Goose Girl,179064.The_Goose_Girl,49177,Shannon Hale, 4.12 ,"131,104","15,490",191
31122,I Capture the Castle,31122.I_Capture_the_Castle,6208,Dodie Smith, 4.00 ,"84,476","15,485",200
40611510,The Last Lecture,40611510-the-last-lecture,287960,Randy Pausch, 4.26 ,"302,556","15,336",192
92517,The Glass Menagerie,92517.The_Glass_Menagerie,7751,Tennessee Williams, 3.71 ,"111,623","15,333",255
13188676,Ignite Me,13188676-ignite-me,4637539,Tahereh Mafi, 4.40 ,"137,145","15,294",180
1625,Twelfth Night,1625.Twelfth_Night,947,William Shakespeare, 3.98 ,"155,459","15,244",234
10576365,The Darkest Minds,10576365-the-darkest-minds,2973783,Alexandra Bracken, 4.18 ,"148,141","15,203",174
36236125,Invisible Monsters,36236125-invisible-monsters,2546,Chuck Palahniuk, 3.98 ,"127,872","15,186",181
305234,Wicked Lovely,305234.Wicked_Lovely,175855,Melissa Marr, 3.69 ,"152,466","15,134",188
11899,The Hours,11899.The_Hours,1432,Michael Cunningham, 3.94 ,"125,091","15,131",214
40909452,Drums of Autumn,40909452-drums-of-autumn,3617,Diana Gabaldon, 4.33 ,"206,971","15,067",191
366522,P.S. I Love You,366522.P_S_I_Love_You,7116,Cecelia Ahern, 4.02 ,"337,143","15,036",194
5064,World Without End,5064.World_Without_End,3447,Ken Follett, 4.27 ,"197,851","15,010",199
4134071,Hunted,4134071-hunted,17015,P.C. Cast, 3.93 ,"162,351","14,922",195
18006496,Queen of Shadows,18006496-queen-of-shadows,3433047,Sarah J. Maas, 4.55 ,"241,044","14,897",172
5326,A Christmas Carol,5326.A_Christmas_Carol,239579,Charles Dickens, 4.06 ,"599,073","14,892",213
24128,The Merchant of Venice,24128.The_Merchant_of_Venice,947,William Shakespeare, 3.80 ,"157,746","14,880",234
29127,The Last Unicorn,29127.The_Last_Unicorn,1067608,Peter S. Beagle, 4.15 ,"96,916","14,809",188
30333938,Slammed,30333938-slammed,5430144,Colleen Hoover, 4.26 ,"209,237","14,733",167
8337,Little House in the Big Woods,8337.Little_House_in_the_Big_Woods,5300,Laura Ingalls Wilder, 4.18 ,"232,834","14,731",233
77566,Hyperion,77566.Hyperion,2687,Dan Simmons, 4.23 ,"187,383","14,720",175
12497,No Country for Old Men,12497.No_Country_for_Old_Men,4178,Cormac McCarthy, 4.12 ,"147,453","14,661",196
30868,The Bean Trees,30868.The_Bean_Trees,3541,Barbara Kingsolver, 3.97 ,"135,000","14,620",215
17675462,The Raven Boys,17675462-the-raven-boys,1330292,Maggie Stiefvater, 4.05 ,"269,311","14,611",169
78411,The Bad Beginning,78411.The_Bad_Beginning,36746,Lemony Snicket, 3.95 ,"397,353","14,584",200
15638,Cyrano de Bergerac,15638.Cyrano_de_Bergerac,670859,Edmond Rostand, 4.07 ,"72,041","14,569",210
7967,Speaker for the Dead,7967.Speaker_for_the_Dead,589,Orson Scott Card, 4.07 ,"224,856","14,462",183
902,The Westing Game,902.The_Westing_Game,10074,Ellen Raskin, 4.01 ,"165,027","14,422",188
5439,Interpreter of Maladies,5439.Interpreter_of_Maladies,3670,Jhumpa Lahiri, 4.15 ,"160,057","14,341",190
7090447,The Red Pyramid,7090447-the-red-pyramid,15872,Rick Riordan, 4.08 ,"317,534","14,315",194
16143347,We Were Liars,16143347-we-were-liars,173491,E. Lockhart, 3.83 ,"463,586","14,288",161
17333223,The Goldfinch,17333223-the-goldfinch,8719,Donna Tartt, 3.92 ,"718,874","14,278",168
5527,All the King&#39;s Men,5527.All_the_King_s_Men,3736,Robert Penn Warren, 4.07 ,"57,986","14,192",197
13006,Julius Caesar,13006.Julius_Caesar,947,William Shakespeare, 3.69 ,"168,621","14,148",230
35729,Lover Eternal,35729.Lover_Eternal,20248,J.R. Ward, 4.34 ,"172,904","14,062",179
40593473,"Finding Hope in the Darkness of Grief: Spiritual Insights Expressed Through Art, Poetry and Prose",40593473-finding-hope-in-the-darkness-of-grief,7782976,Diamante Lavendar, 4.33 ,"5,292","14,021",157
